customer_key,customer_id,is_active,full_name,address,city,email,country_key,valid_from_ts,valid_to_ts,is_current
1,1,true,Jason Orr,Ap #387-8229 Nullam Road,Kilsyth,lacus.Nulla@Classaptenttaciti.ca,89,2025-12-16T17:02:42.661Z,9999-12-31T00:00:00.000Z,true
2,2,true,Devin Herman,"P.O. Box 905, 9608 Etiam St.",Portici,Integer.vulputate.risus@est.co.uk,50,2025-12-16T17:02:42.661Z,9999-12-31T00:00:00.000Z,true
3,3,true,Kennan Head,Ap #694-3226 Odio St.,Bothey,ligula@porttitortellusnon.org,104,2025-12-16T17:02:42.661Z,9999-12-31T00:00:00.000Z,true
4,4,false,Peter Fry,Ap #378-2594 Arcu. Road,Oudegem,eu@Phasellusvitaemauris.com,116,2025-12-16T17:02:42.661Z,9999-12-31T00:00:00.000Z,true
5,5,true,Guy Ball,418-8277 Sociis Ave,Charleville-Mézières,vestibulum.Mauris.magna@ipsumdolorsit.com,201,2025-12-16T17:02:42.661Z,9999-12-31T00:00:00.000Z,true
6,6,true,Vincent Parsons,381-4840 Tellus Rd.,Henderson,non.arcu.Vivamus@Proin.com,106,2025-12-16T17:02:42.661Z,9999-12-31T00:00:00.000Z,true
7,7,true,Cain Schroeder,152-5224 Penatibus Street,Göppingen,molestie.dapibus.ligula@hendreritDonecporttitor.edu,187,2025-12-16T17:02:42.661Z,9999-12-31T00:00:00.000Z,true
8,8,true,Cruz Gill,"P.O. Box 390, 9207 Elit, St.",Morinville,adipiscing@tempor.net,194,2025-12-16T17:02:42.661Z,9999-12-31T00:00:00.000Z,true
9,9,true,Travis Dickerson,"156-1262 Orci, Avenue",Korbach,non@ullamcorpereu.edu,164,2025-12-16T17:02:42.661Z,9999-12-31T00:00:00.000Z,true
10,10,true,Orlando Stone,Ap #464-7569 Maecenas Road,Tourinnes-Saint-Lambert,tellus.Phasellus.elit@Sedetlibero.edu,149,2025-12-16T17:02:42.661Z,9999-12-31T00:00:00.000Z,true
11,11,false,Edan Wells,409-3473 Class Road,Lille,scelerisque.dui@necligulaconsectetuer.edu,157,2025-12-16T17:02:42.661Z,9999-12-31T00:00:00.000Z,true
12,12,true,Kennan Arnold,Ap #489-3585 Neque. Avenue,Santa Cesarea Terme,rutrum@Nuncsedorci.ca,114,2025-12-16T17:02:42.661Z,9999-12-31T00:00:00.000Z,true
13,13,true,Palmer Ashley,957-9279 Nibh. Rd.,Antibes,nascetur.ridiculus.mus@lacusvarius.edu,41,2025-12-16T17:02:42.661Z,9999-12-31T00:00:00.000Z,true
14,14,true,Jasper Miller,5503 Sociis St.,Brighton,scelerisque@nonante.org,85,2025-12-16T17:02:42.661Z,9999-12-31T00:00:00.000Z,true
15,15,true,Alden Hawkins,495-3516 Natoque Rd.,Buckingham,molestie@euismod.edu,81,2025-12-16T17:02:42.661Z,9999-12-31T00:00:00.000Z,true
16,16,true,Talon Blake,"P.O. Box 750, 2207 Odio. St.",Cardedu,commodo.at.libero@ametdiameu.co.uk,68,2025-12-16T17:02:42.661Z,9999-12-31T00:00:00.000Z,true
17,17,true,Demetrius Cardenas,"P.O. Box 536, 9647 Iaculis Street",Kulti-Barakar,elit.pellentesque@Nuncmauris.com,107,2025-12-16T17:02:42.661Z,9999-12-31T00:00:00.000Z,true
18,18,true,Kieran Guerrero,9763 Mi Avenue,Kirkland,Morbi.quis@Ut.org,151,2025-12-16T17:02:42.661Z,9999-12-31T00:00:00.000Z,true
19,19,true,Zachery Kerr,Ap #542-3322 Sit Street,Kufstein,elit.elit.fermentum@et.co.uk,10,2025-12-16T17:02:42.661Z,9999-12-31T00:00:00.000Z,true
20,20,true,Keith Pittman,5853 Dictum St.,Caldera,fringilla.mi.lacinia@risus.org,1,2025-12-16T17:02:42.661Z,9999-12-31T00:00:00.000Z,true
21,21,true,Mohammad Kane,7982 Velit St.,Raigarh,id.libero@dis.ca,214,2025-12-16T17:02:42.661Z,9999-12-31T00:00:00.000Z,true
22,22,true,Cameron Sexton,852 Velit. St.,Kaluga,ultrices@egestaslaciniaSed.org,173,2025-12-16T17:02:42.661Z,9999-12-31T00:00:00.000Z,true
23,23,true,Hayes Pitts,"4033 Vel, Av.",Kayseri,sagittis@egestasAliquamnec.ca,20,2025-12-16T17:02:42.661Z,9999-12-31T00:00:00.000Z,true
24,24,true,Todd Camacho,Ap #586-281 Augue St.,Worcester,urna.convallis.erat@orciPhasellusdapibus.co.uk,212,2025-12-16T17:02:42.661Z,9999-12-31T00:00:00.000Z,true
25,25,true,Seth Hancock,700-5684 Ligula. Rd.,Ipatinga,a.scelerisque.sed@Suspendissedui.co.uk,201,2025-12-16T17:02:42.661Z,9999-12-31T00:00:00.000Z,true
26,26,true,Blaze Obrien,843-6181 Ut Rd.,Cannes,cursus.purus.Nullam@lectusjustoeu.com,158,2025-12-16T17:02:42.661Z,9999-12-31T00:00:00.000Z,true
27,27,true,Levi Nolan,Ap #461-6178 Sit St.,Mosquera,eget@metus.co.uk,108,2025-12-16T17:02:42.661Z,9999-12-31T00:00:00.000Z,true
28,28,true,August Perez,"P.O. Box 985, 6324 Nec Avenue",Amstelveen,malesuada@temporaugue.ca,36,2025-12-16T17:02:42.661Z,9999-12-31T00:00:00.000Z,true
29,29,true,Melvin Lambert,7217 Mauris Rd.,Mardan,in.dolor.Fusce@loremipsumsodales.ca,172,2025-12-16T17:02:42.661Z,9999-12-31T00:00:00.000Z,true
30,30,true,Griffith Avila,630-619 Ut Ave,Onega,euismod.mauris@Nuncsollicitudincommodo.com,86,2025-12-16T17:02:42.661Z,9999-12-31T00:00:00.000Z,true
31,31,true,Martin Weiss,2770 Consectetuer Rd.,Norfolk County,consectetuer@ultrices.co.uk,215,2025-12-16T17:02:42.661Z,9999-12-31T00:00:00.000Z,true
32,32,true,Coby Shannon,408-8848 Metus Ave,Bekasi,eu@risus.edu,131,2025-12-16T17:02:42.661Z,9999-12-31T00:00:00.000Z,true
33,33,true,Solomon Benson,212-8158 Orci Avenue,Kelso,lobortis@quamPellentesque.org,21,2025-12-16T17:02:42.661Z,9999-12-31T00:00:00.000Z,true
34,34,true,Lev Morales,Ap #142-4287 Commodo St.,San Vicente de Cañete,pede.Praesent@Aliquam.edu,44,2025-12-16T17:02:42.661Z,9999-12-31T00:00:00.000Z,true
35,35,true,Jameson Glover,Ap #902-4533 Varius Ave,Belgaum,enim@Nuncmauris.ca,142,2025-12-16T17:02:42.661Z,9999-12-31T00:00:00.000Z,true
36,36,false,Eric Dillard,"208-4454 A, St.",Sprimont,libero.Integer@congueturpisIn.co.uk,156,2025-12-16T17:02:42.661Z,9999-12-31T00:00:00.000Z,true
37,37,true,Trevor Ewing,4280 Aliquam Av.,Den Helder,In.lorem@metusvitae.org,207,2025-12-16T17:02:42.661Z,9999-12-31T00:00:00.000Z,true
38,38,true,Mark Lucas,8222 Nunc Avenue,Nieuwkapelle,augue.ac@mi.edu,179,2025-12-16T17:02:42.661Z,9999-12-31T00:00:00.000Z,true
39,39,true,Jerome Tyson,675-8472 Lectus Av.,Tolve,elit.pharetra@luctusaliquet.co.uk,124,2025-12-16T17:02:42.661Z,9999-12-31T00:00:00.000Z,true
40,40,true,Hayden Mccormick,Ap #399-9248 Nascetur Rd.,Heist-aan-Zee,Phasellus@faucibusutnulla.co.uk,36,2025-12-16T17:02:42.661Z,9999-12-31T00:00:00.000Z,true
41,41,true,Malik Wyatt,"955-8279 Lorem, Avenue",Mocoa,Donec.elementum.lorem@eutemporerat.co.uk,41,2025-12-16T17:02:42.661Z,9999-12-31T00:00:00.000Z,true
42,42,true,Nathan Richards,Ap #601-2620 Dui. Ave,Bostaniçi,elit.Etiam.laoreet@aenimSuspendisse.org,21,2025-12-16T17:02:42.661Z,9999-12-31T00:00:00.000Z,true
43,43,true,Harper Fernandez,Ap #474-6202 Duis St.,Aurora,non.egestas@necleo.com,201,2025-12-16T17:02:42.661Z,9999-12-31T00:00:00.000Z,true
44,44,true,Vladimir Parks,Ap #620-6887 Sodales Ave,Casper,Phasellus@auctornon.co.uk,127,2025-12-16T17:02:42.661Z,9999-12-31T00:00:00.000Z,true
45,45,true,Peter Hubbard,Ap #187-7047 Nulla Avenue,Schore,eu.sem.Pellentesque@enimnonnisi.ca,25,2025-12-16T17:02:42.661Z,9999-12-31T00:00:00.000Z,true
46,46,true,Kelly Lott,5786 Nonummy. Street,Akşehir,cubilia.Curae@Suspendisse.org,186,2025-12-16T17:02:42.661Z,9999-12-31T00:00:00.000Z,true
47,47,true,Jelani Mccormick,"4824 Eget, Avenue",Skövde,ac.mattis.velit@nuncrisusvarius.edu,204,2025-12-16T17:02:42.661Z,9999-12-31T00:00:00.000Z,true
48,48,true,Adam Dixon,4087 In Rd.,Tomé,non@molestiedapibus.com,166,2025-12-16T17:02:42.661Z,9999-12-31T00:00:00.000Z,true
49,49,true,Michael Lang,Ap #331-1530 Mollis Avenue,Lestizza,purus.in.molestie@nonarcuVivamus.net,90,2025-12-16T17:02:42.661Z,9999-12-31T00:00:00.000Z,true
50,50,true,Jeremy Rowland,Ap #460-7651 Donec St.,San Rafael,Phasellus.dolor@mipede.edu,36,2025-12-16T17:02:42.661Z,9999-12-31T00:00:00.000Z,true
51,51,true,Salvador Gregory,Ap #636-5529 Nec Avenue,Mold,augue.eu@ullamcorper.com,88,2025-12-16T17:02:42.661Z,9999-12-31T00:00:00.000Z,true
52,52,true,Nero Ferguson,"P.O. Box 288, 2196 Ac Road",Berceto,nec@elitAliquamauctor.ca,157,2025-12-16T17:02:42.661Z,9999-12-31T00:00:00.000Z,true
53,53,true,Jesse Lindsey,"P.O. Box 644, 2791 Tellus. St.",Peterborough,euismod@Maecenasmalesuadafringilla.com,221,2025-12-16T17:02:42.661Z,9999-12-31T00:00:00.000Z,true
54,54,true,Myles Spence,"P.O. Box 530, 5607 Orci Rd.",Rochester,et.tristique@ante.edu,185,2025-12-16T17:02:42.661Z,9999-12-31T00:00:00.000Z,true
55,55,true,Price Buchanan,"P.O. Box 387, 9376 Aliquam Rd.",Barra do Corda,Donec.egestas@aliquamiaculis.edu,64,2025-12-16T17:02:42.661Z,9999-12-31T00:00:00.000Z,true
56,56,true,Otto Beck,Ap #923-2316 Euismod Street,Landenne,neque.vitae@consectetueripsum.com,13,2025-12-16T17:02:42.661Z,9999-12-31T00:00:00.000Z,true
57,57,true,Ferris Stewart,"Ap #285-2076 Sed, Ave",Montefalcone nel Sannio,iaculis.lacus.pede@acarcu.co.uk,45,2025-12-16T17:02:42.661Z,9999-12-31T00:00:00.000Z,true
58,58,true,Arthur Hinton,Ap #143-6767 Urna Rd.,Castres,mi.tempor.lorem@nulla.co.uk,63,2025-12-16T17:02:42.661Z,9999-12-31T00:00:00.000Z,true
59,59,true,Wing Dodson,292-2737 Cras Av.,Torquay,mollis.dui.in@eulacusQuisque.co.uk,57,2025-12-16T17:02:42.661Z,9999-12-31T00:00:00.000Z,true
60,60,true,Aristotle Gross,"P.O. Box 648, 8380 Euismod Ave",Berbroek,ultrices.iaculis@Mauris.co.uk,183,2025-12-16T17:02:42.661Z,9999-12-31T00:00:00.000Z,true
61,61,true,Kato Price,9302 Elit. Rd.,Tournefeuille,convallis@telluslorem.ca,12,2025-12-16T17:02:42.661Z,9999-12-31T00:00:00.000Z,true
62,62,true,Lee Landry,Ap #305-3212 Enim. Rd.,Falkensee,eu@acfermentumvel.com,4,2025-12-16T17:02:42.661Z,9999-12-31T00:00:00.000Z,true
63,63,true,Daniel Mays,483-6297 Mauris Road,Lauro de Freitas,eleifend.egestas.Sed@nuncsed.org,207,2025-12-16T17:02:42.661Z,9999-12-31T00:00:00.000Z,true
64,64,true,Preston Salazar,Ap #795-7395 Odio St.,Tübingen,amet.dapibus@Duisac.com,81,2025-12-16T17:02:42.661Z,9999-12-31T00:00:00.000Z,true
65,65,true,Callum Leach,Ap #725-1664 Sit Rd.,Drayton Valley,purus@facilisis.edu,100,2025-12-16T17:02:42.661Z,9999-12-31T00:00:00.000Z,true
66,66,true,Driscoll Mcgee,"7769 Et, Ave",West Vancouver,natoque.penatibus@orcisemeget.ca,7,2025-12-16T17:02:42.661Z,9999-12-31T00:00:00.000Z,true
67,67,true,Melvin Hurst,930-2451 Dui. Av.,Austin,Cum@tempus.edu,72,2025-12-16T17:02:42.661Z,9999-12-31T00:00:00.000Z,true
68,68,true,Kasper Morse,779-6935 Ipsum. Road,Campinas,magna.malesuada.vel@sem.edu,69,2025-12-16T17:02:42.661Z,9999-12-31T00:00:00.000Z,true
69,69,true,Phillip Charles,"P.O. Box 130, 3913 Enim. St.",Marbella,elit@tortordictumeu.ca,53,2025-12-16T17:02:42.661Z,9999-12-31T00:00:00.000Z,true
70,70,true,Kieran Perez,3412 A Av.,Timaru,amet.consectetuer@etultricesposuere.net,197,2025-12-16T17:02:42.661Z,9999-12-31T00:00:00.000Z,true
71,71,true,Nicholas Craig,8638 Condimentum. Street,Zwettl-Niederösterreich,dictum.mi@velitjustonec.edu,158,2025-12-16T17:02:42.661Z,9999-12-31T00:00:00.000Z,true
72,72,true,Axel Carson,108-6743 Nonummy Rd.,Sant'Egidio alla Vibrata,a.feugiat.tellus@justo.org,149,2025-12-16T17:02:42.661Z,9999-12-31T00:00:00.000Z,true
73,73,true,Samson Lawson,Ap #447-7880 Nam Rd.,Quenast,ligula@felisadipiscing.ca,117,2025-12-16T17:02:42.661Z,9999-12-31T00:00:00.000Z,true
74,74,true,Lance Luna,Ap #506-2439 Est. Rd.,Lisieux,porttitor@libero.edu,204,2025-12-16T17:02:42.661Z,9999-12-31T00:00:00.000Z,true
75,75,true,Quamar Richmond,1234 Nec Avenue,Worcester,magnis@pede.com,12,2025-12-16T17:02:42.661Z,9999-12-31T00:00:00.000Z,true
76,76,true,Hiram Cook,178-9267 Tempus St.,Sirsa,lectus@metusAliquam.ca,214,2025-12-16T17:02:42.661Z,9999-12-31T00:00:00.000Z,true
77,77,true,Hilel Dodson,5418 Cras Street,Serik,malesuada@lectuspedeultrices.co.uk,188,2025-12-16T17:02:42.661Z,9999-12-31T00:00:00.000Z,true
78,78,true,Jerry Gallegos,7451 Consectetuer St.,Gießen,laoreet@rhoncusid.ca,201,2025-12-16T17:02:42.661Z,9999-12-31T00:00:00.000Z,true
79,79,true,Keefe York,"P.O. Box 760, 6203 Dolor Road",Grangemouth,semper.dui.lectus@augueeu.ca,213,2025-12-16T17:02:42.661Z,9999-12-31T00:00:00.000Z,true
80,80,true,Emmanuel Fernandez,"4655 A, Av.",Meerle,Donec.vitae@sitamet.com,184,2025-12-16T17:02:42.661Z,9999-12-31T00:00:00.000Z,true
81,81,true,Chancellor Bradford,911-7997 Molestie Rd.,Vandoeuvre-lès-Nancy,cursus@CrasinterdumNunc.ca,125,2025-12-16T17:02:42.661Z,9999-12-31T00:00:00.000Z,true
82,82,true,Lars Rowe,"Ap #407-3563 Ullamcorper, Road",Roccasicura,metus@Maurisnondui.ca,71,2025-12-16T17:02:42.661Z,9999-12-31T00:00:00.000Z,true
83,83,true,Nathaniel Strong,"P.O. Box 655, 6461 Ultrices Street",Lago Ranco,mollis@faucibusorciluctus.com,89,2025-12-16T17:02:42.661Z,9999-12-31T00:00:00.000Z,true
84,84,true,Matthew Yates,211 Egestas Ave,Cañete,gravida@convallisantelectus.net,189,2025-12-16T17:02:42.661Z,9999-12-31T00:00:00.000Z,true
85,85,true,Declan Blackburn,"P.O. Box 298, 1678 Eros. Rd.",Kisi,convallis.convallis@duilectusrutrum.edu,191,2025-12-16T17:02:42.661Z,9999-12-31T00:00:00.000Z,true
86,86,true,Hasad Pittman,Ap #415-6689 Fames Road,Castelvecchio Calvisio,eu@libero.ca,163,2025-12-16T17:02:42.661Z,9999-12-31T00:00:00.000Z,true
87,87,true,Tate Dickson,937-3242 Vitae Av.,Moxhe,lacus@faucibusMorbivehicula.org,177,2025-12-16T17:02:42.661Z,9999-12-31T00:00:00.000Z,true
88,88,true,Beck Wiggins,"596-276 Placerat, St.",Jacobabad,Maecenas.ornare.egestas@odio.net,18,2025-12-16T17:02:42.661Z,9999-12-31T00:00:00.000Z,true
89,89,true,Brendan Reed,597-4566 Nulla. Street,Snellegem,lacus.Cras.interdum@ante.com,55,2025-12-16T17:02:42.661Z,9999-12-31T00:00:00.000Z,true
90,90,true,Xanthus Brewer,"P.O. Box 685, 1599 Phasellus Rd.",Talca,nostra@Nullamnisl.ca,193,2025-12-16T17:02:42.661Z,9999-12-31T00:00:00.000Z,true
91,91,true,Robert Lewis,3472 Dolor St.,Meux,ullamcorper.magna@loremDonecelementum.org,172,2025-12-16T17:02:42.661Z,9999-12-31T00:00:00.000Z,true
92,92,true,Orson Tyson,"P.O. Box 306, 2999 Nunc St.",Bhavnagar,adipiscing.elit@tempordiamdictum.co.uk,185,2025-12-16T17:02:42.661Z,9999-12-31T00:00:00.000Z,true
93,93,true,Jin Henry,6991 Mi St.,Saint-Herblain,augue.malesuada@magnis.edu,8,2025-12-16T17:02:42.661Z,9999-12-31T00:00:00.000Z,true
94,94,true,Theodore Rowland,3724 Fringilla Rd.,Gignod,Nunc@molestieorcitincidunt.edu,136,2025-12-16T17:02:42.661Z,9999-12-31T00:00:00.000Z,true
95,95,true,Lance Mcpherson,162-6784 At Av.,North Cowichan,dui.Cras.pellentesque@arcuVestibulum.org,195,2025-12-16T17:02:42.661Z,9999-12-31T00:00:00.000Z,true
96,96,true,Nathaniel Goff,"P.O. Box 648, 4700 Ut Ave",Norfolk,ut.molestie@lobortis.co.uk,3,2025-12-16T17:02:42.661Z,9999-12-31T00:00:00.000Z,true
97,97,true,Caleb Rowland,479-1881 Congue Street,Oromocto,Fusce.dolor@orcilacus.co.uk,20,2025-12-16T17:02:42.661Z,9999-12-31T00:00:00.000Z,true
98,98,true,Chaim Burke,"P.O. Box 724, 719 Quis St.",Gladstone,Morbi.metus.Vivamus@fringillaDonec.com,170,2025-12-16T17:02:42.661Z,9999-12-31T00:00:00.000Z,true
99,99,true,Andrew Mcgee,"P.O. Box 736, 206 Odio. Rd.",Butte,lorem.vitae@nislNullaeu.com,172,2025-12-16T17:02:42.661Z,9999-12-31T00:00:00.000Z,true
100,100,true,Drew Keith,856 Metus Rd.,Hattiesburg,non.leo@magna.com,98,2025-12-16T17:02:42.661Z,9999-12-31T00:00:00.000Z,true
101,101,true,Clinton Roberts,818-3086 Erat. Av.,Fabro,nunc.id@lobortisaugue.com,181,2025-12-16T17:02:42.661Z,9999-12-31T00:00:00.000Z,true
102,102,true,Clinton Rivers,7024 Curabitur Rd.,Mocoa,Sed.molestie@utcursusluctus.edu,2,2025-12-16T17:02:42.661Z,9999-12-31T00:00:00.000Z,true
103,103,true,Malachi Phillips,Ap #568-7555 Eu St.,Neuss,orci.Phasellus.dapibus@ligulaAeneaneuismod.com,188,2025-12-16T17:02:42.661Z,9999-12-31T00:00:00.000Z,true
104,104,true,Lyle Valenzuela,Ap #824-9072 Facilisis Rd.,Barnstaple,fermentum@vel.com,7,2025-12-16T17:02:42.661Z,9999-12-31T00:00:00.000Z,true
105,105,true,Garth Russell,896-5716 Quam Av.,Bettiah,fermentum.convallis@diam.ca,66,2025-12-16T17:02:42.661Z,9999-12-31T00:00:00.000Z,true
106,106,true,Paul Kent,"P.O. Box 365, 6947 Facilisis Rd.",Maasmechelen,enim.consequat@eratnonummyultricies.edu,173,2025-12-16T17:02:42.661Z,9999-12-31T00:00:00.000Z,true
107,107,true,Jerry Hester,2129 Suspendisse Street,Santa Mar�a,ultrices@ridiculusmus.com,42,2025-12-16T17:02:42.661Z,9999-12-31T00:00:00.000Z,true
108,108,true,Donovan Figueroa,"P.O. Box 118, 9257 Sem Rd.",Woodlands County,lobortis.augue@euaccumsan.ca,156,2025-12-16T17:02:42.661Z,9999-12-31T00:00:00.000Z,true
109,109,true,Slade Burton,"P.O. Box 376, 1004 Nec St.",Iqaluit,in.tempus.eu@estMauriseu.co.uk,194,2025-12-16T17:02:42.661Z,9999-12-31T00:00:00.000Z,true
110,110,true,Emerson English,"Ap #516-2127 Et, Av.",Nankana Sahib,non@malesuadafringilla.ca,26,2025-12-16T17:02:42.661Z,9999-12-31T00:00:00.000Z,true
111,111,true,Aladdin Vega,1658 Egestas Ave,Fresno,non.massa@euismod.com,172,2025-12-16T17:02:42.661Z,9999-12-31T00:00:00.000Z,true
112,112,true,Bruno Cardenas,Ap #228-9223 Luctus Street,Penrith,urna@diamProin.com,213,2025-12-16T17:02:42.661Z,9999-12-31T00:00:00.000Z,true
113,113,true,Hu Simpson,"P.O. Box 226, 9624 Vestibulum Street",Kemzeke,ac.arcu.Nunc@loremvitaeodio.ca,210,2025-12-16T17:02:42.661Z,9999-12-31T00:00:00.000Z,true
114,114,true,Luke Hardy,"P.O. Box 847, 2296 Dui. Ave",Bekegem,pede.ac.urna@pedesagittis.edu,31,2025-12-16T17:02:42.661Z,9999-12-31T00:00:00.000Z,true
115,115,true,Colorado Lyons,739-360 Facilisis St.,Buggenhout,Donec.est@penatibuset.ca,22,2025-12-16T17:02:42.661Z,9999-12-31T00:00:00.000Z,true
116,116,true,Chandler Perkins,247-5131 Lectus St.,Pincher Creek,in.magna.Phasellus@lobortismauris.ca,74,2025-12-16T17:02:42.661Z,9999-12-31T00:00:00.000Z,true
117,117,true,August Ramirez,7560 Aliquet Road,Pessac,Etiam@dui.edu,173,2025-12-16T17:02:42.661Z,9999-12-31T00:00:00.000Z,true
118,118,true,Cruz Valencia,1508 Risus. Ave,Victoria,in@eratvolutpatNulla.ca,56,2025-12-16T17:02:42.661Z,9999-12-31T00:00:00.000Z,true
119,119,true,Stewart Cain,Ap #197-8040 Arcu. Rd.,Maria,eros.Nam.consequat@ornareliberoat.net,14,2025-12-16T17:02:42.661Z,9999-12-31T00:00:00.000Z,true
120,120,true,Gil Frye,1014 Sed Rd.,Genappe,scelerisque@erategettincidunt.edu,124,2025-12-16T17:02:42.661Z,9999-12-31T00:00:00.000Z,true
121,121,true,Perry Ochoa,647-6031 Duis Ave,Chennai,Nullam.enim.Sed@leoVivamus.org,139,2025-12-16T17:02:42.661Z,9999-12-31T00:00:00.000Z,true
122,122,true,Chancellor Barry,"P.O. Box 120, 6896 Dolor. St.",Norrk�ping,cursus@nullaInteger.org,10,2025-12-16T17:02:42.661Z,9999-12-31T00:00:00.000Z,true
123,123,true,Michael Harrington,573-9715 Morbi Avenue,Edmundston,In.at@Curabiturutodio.edu,55,2025-12-16T17:02:42.661Z,9999-12-31T00:00:00.000Z,true
124,124,true,Hilel Sparks,2995 Aliquam St.,Gavorrano,metus.In@gravidamolestie.ca,221,2025-12-16T17:02:42.661Z,9999-12-31T00:00:00.000Z,true
125,125,true,Vladimir Hopper,"P.O. Box 302, 1541 Risus Av.",Bursa,ullamcorper@vel.co.uk,197,2025-12-16T17:02:42.661Z,9999-12-31T00:00:00.000Z,true
126,126,true,Aidan Bowers,"P.O. Box 750, 4740 Pellentesque Ave",R�ves,sed.leo@lobortis.com,7,2025-12-16T17:02:42.661Z,9999-12-31T00:00:00.000Z,true
127,127,true,Omar Munoz,635-3929 Dignissim Ave,Bonnert,risus@anteiaculisnec.com,210,2025-12-16T17:02:42.661Z,9999-12-31T00:00:00.000Z,true
128,128,true,Warren Mcgee,780-4432 Dui. Rd.,R�o Bueno,laoreet.ipsum@Vivamusrhoncus.ca,7,2025-12-16T17:02:42.661Z,9999-12-31T00:00:00.000Z,true
129,129,true,Rooney Knowles,"805-395 Dui, Rd.",Gistel,natoque@semperdui.org,87,2025-12-16T17:02:42.661Z,9999-12-31T00:00:00.000Z,true
130,130,true,Armand Mcdowell,Ap #598-295 Tellus Road,Fuenlabrada,Mauris.quis@urnasuscipitnonummy.edu,42,2025-12-16T17:02:42.661Z,9999-12-31T00:00:00.000Z,true
131,131,true,Neville Ferguson,"844-9510 Sem, Rd.",Sibi,aptent@Donec.com,220,2025-12-16T17:02:42.661Z,9999-12-31T00:00:00.000Z,true
132,132,true,Reese Macdonald,"P.O. Box 166, 4854 Conubia Av.",Sloten,Etiam.gravida.molestie@enim.ca,14,2025-12-16T17:02:42.661Z,9999-12-31T00:00:00.000Z,true
133,133,true,Orlando Pickett,"Ap #379-7163 Egestas, Road",San Francisco,volutpat@molestietellus.org,196,2025-12-16T17:02:42.661Z,9999-12-31T00:00:00.000Z,true
134,134,true,Rooney Anderson,Ap #804-9612 Feugiat. Street,Kitchener,enim.Nunc@etultricesposuere.org,38,2025-12-16T17:02:42.661Z,9999-12-31T00:00:00.000Z,true
135,135,true,Flynn Blevins,"P.O. Box 373, 9123 Consequat St.",Khammam,Pellentesque.tincidunt@sitamet.ca,153,2025-12-16T17:02:42.661Z,9999-12-31T00:00:00.000Z,true
136,136,true,Baxter Bray,Ap #561-9997 Magna. Ave,La Matap�dia,non.lobortis@necante.edu,176,2025-12-16T17:02:42.661Z,9999-12-31T00:00:00.000Z,true
137,137,true,Reuben Alford,7428 Vitae St.,Kasur,interdum.Nunc@Curabitur.edu,103,2025-12-16T17:02:42.661Z,9999-12-31T00:00:00.000Z,true
138,138,true,Dante Mcneil,119-9495 Vitae Av.,Karachi,gravida.sagittis.Duis@velarcuCurabitur.ca,55,2025-12-16T17:02:42.661Z,9999-12-31T00:00:00.000Z,true
139,139,true,Josiah Mayer,466-9528 Malesuada Street,Aosta,tristique.ac.eleifend@ridiculusmusDonec.ca,19,2025-12-16T17:02:42.661Z,9999-12-31T00:00:00.000Z,true
140,140,true,Branden Mullen,718 Diam Rd.,Trento,Duis@enimdiam.ca,161,2025-12-16T17:02:42.661Z,9999-12-31T00:00:00.000Z,true
141,141,true,Jesse Franks,Ap #192-2636 Nibh Rd.,Allentown,ullamcorper@quamPellentesquehabitant.edu,219,2025-12-16T17:02:42.661Z,9999-12-31T00:00:00.000Z,true
142,142,true,Dante Pruitt,Ap #453-9480 Nunc Road,Banjar,vestibulum.neque.sed@egetlaoreetposuere.edu,40,2025-12-16T17:02:42.661Z,9999-12-31T00:00:00.000Z,true
143,143,true,Galvin Hodges,"P.O. Box 285, 8041 Diam Avenue",Phoenix,Ut.nec@diam.com,83,2025-12-16T17:02:42.661Z,9999-12-31T00:00:00.000Z,true
144,144,true,Brendan Herring,"P.O. Box 109, 771 Nulla St.",Tarcento,cursus.Nunc@velitSed.co.uk,37,2025-12-16T17:02:42.661Z,9999-12-31T00:00:00.000Z,true
145,145,true,Camden House,Ap #711-4534 Semper Street,Cles,non.enim.Mauris@arcuSedet.co.uk,8,2025-12-16T17:02:42.661Z,9999-12-31T00:00:00.000Z,true
146,146,true,Cameron Figueroa,Ap #280-2565 Adipiscing. Rd.,Blackwood,massa.rutrum.magna@nasceturridiculusmus.com,34,2025-12-16T17:02:42.661Z,9999-12-31T00:00:00.000Z,true
147,147,true,Addison Mendoza,979-7074 Ac Road,Grezzana,adipiscing.Mauris.molestie@interdum.edu,119,2025-12-16T17:02:42.661Z,9999-12-31T00:00:00.000Z,true
148,148,true,Fuller Gilbert,629-5825 Mollis Av.,Oordegem,nibh@arcuVestibulumante.co.uk,44,2025-12-16T17:02:42.661Z,9999-12-31T00:00:00.000Z,true
149,149,true,Daniel Bridges,8020 Eros Rd.,Rajkot,Donec@neccursus.com,215,2025-12-16T17:02:42.661Z,9999-12-31T00:00:00.000Z,true
150,150,true,Grant Burgess,2331 Semper Road,Stratford-upon-Avon,ultricies@perconubia.edu,32,2025-12-16T17:02:42.661Z,9999-12-31T00:00:00.000Z,true
151,151,true,Joel Moss,"P.O. Box 115, 5701 Orci Av.",Subiaco,Aenean.massa.Integer@pede.net,214,2025-12-16T17:02:42.661Z,9999-12-31T00:00:00.000Z,true
152,152,true,Cooper Rowland,291-6984 Enim Street,Pettoranello del Molise,non@bibendumullamcorper.org,210,2025-12-16T17:02:42.661Z,9999-12-31T00:00:00.000Z,true
153,153,true,Peter Conley,"P.O. Box 230, 5724 Elementum Ave",Ollag�e,urna.et@temporbibendum.net,61,2025-12-16T17:02:42.661Z,9999-12-31T00:00:00.000Z,true
154,154,true,Nigel Case,4341 Faucibus Street,Baasrode,nec.mollis@euenim.org,41,2025-12-16T17:02:42.661Z,9999-12-31T00:00:00.000Z,true
155,155,true,Ivor Frost,"P.O. Box 466, 3100 Purus Road",Cama�ari,parturient@diam.co.uk,61,2025-12-16T17:02:42.661Z,9999-12-31T00:00:00.000Z,true
156,156,true,Brandon Gomez,315 Ipsum. St.,Bourges,lectus.pede.et@liberomauris.ca,3,2025-12-16T17:02:42.661Z,9999-12-31T00:00:00.000Z,true
157,157,true,Ali Wilkerson,608-1671 Ultricies St.,Pirmasens,elit@perinceptoshymenaeos.org,178,2025-12-16T17:02:42.661Z,9999-12-31T00:00:00.000Z,true
158,158,true,Marshall Hunt,Ap #572-2894 Est. St.,Seosan,nonummy@Integer.org,104,2025-12-16T17:02:42.661Z,9999-12-31T00:00:00.000Z,true
159,159,true,Griffith Christian,494-5293 Phasellus Rd.,Gravilias,facilisis.lorem@orcilacus.edu,176,2025-12-16T17:02:42.661Z,9999-12-31T00:00:00.000Z,true
160,160,true,Arden Watson,247-8871 Habitant Ave,Lansing,magna@magna.ca,148,2025-12-16T17:02:42.661Z,9999-12-31T00:00:00.000Z,true
161,161,true,Noble Hayes,Ap #645-5301 Enim Av.,Tsiigehtchic,neque.Nullam.ut@nonleo.net,209,2025-12-16T17:02:42.661Z,9999-12-31T00:00:00.000Z,true
162,162,true,Allen Doyle,9425 Massa. Av.,Chestermere,consequat.purus.Maecenas@duinec.org,20,2025-12-16T17:02:42.661Z,9999-12-31T00:00:00.000Z,true
163,163,true,Darius Bradshaw,Ap #594-4359 Ullamcorper Avenue,Putaendo,tellus.Suspendisse@diamluctuslobortis.org,64,2025-12-16T17:02:42.661Z,9999-12-31T00:00:00.000Z,true
164,164,true,Dale Saunders,373-7223 Integer Street,Coimbatore,Cum@eratVivamus.edu,113,2025-12-16T17:02:42.661Z,9999-12-31T00:00:00.000Z,true
165,165,true,Caleb Booker,Ap #684-2283 Nibh Avenue,Petr�polis,libero.at.auctor@utpharetra.net,140,2025-12-16T17:02:42.661Z,9999-12-31T00:00:00.000Z,true
166,166,true,Ishmael Torres,8947 Pulvinar Avenue,Pietraroja,tristique.pellentesque.tellus@fringillapurusmauris.co.uk,75,2025-12-16T17:02:42.661Z,9999-12-31T00:00:00.000Z,true
167,167,true,Gavin Davis,801-8119 Egestas Avenue,Soacha,In.tincidunt@primisinfaucibus.co.uk,61,2025-12-16T17:02:42.661Z,9999-12-31T00:00:00.000Z,true
168,168,true,Ulysses Mack,7531 Pede St.,Salem,auctor.vitae.aliquet@dapibus.edu,40,2025-12-16T17:02:42.661Z,9999-12-31T00:00:00.000Z,true
169,169,true,Bert Delgado,"933-3179 Aliquet, Street",Birmingham,ut.nulla.Cras@Quisque.net,31,2025-12-16T17:02:42.661Z,9999-12-31T00:00:00.000Z,true
170,170,true,Leroy House,860-9152 Fringilla Ave,Paranagu�,ut@at.com,222,2025-12-16T17:02:42.661Z,9999-12-31T00:00:00.000Z,true
171,171,true,Hunter Hebert,"4949 Elementum, Rd.",Kamyzyak,suscipit.est@nibhDonec.ca,214,2025-12-16T17:02:42.661Z,9999-12-31T00:00:00.000Z,true
172,172,true,Rudyard Gay,"765-9113 Nec, Ave",Sombreffe,vestibulum@Donec.ca,117,2025-12-16T17:02:42.661Z,9999-12-31T00:00:00.000Z,true
173,173,true,Fitzgerald Vargas,"P.O. Box 240, 890 Mus. Rd.",Rijkevorsel,dolor@porttitorinterdum.org,72,2025-12-16T17:02:42.661Z,9999-12-31T00:00:00.000Z,true
174,174,true,Vladimir Cain,"P.O. Box 846, 9953 Arcu. St.",Halkirk,risus.Donec@cursusnonegestas.net,187,2025-12-16T17:02:42.661Z,9999-12-31T00:00:00.000Z,true
175,175,true,Uriah Hartman,799-9462 Adipiscing St.,Patos,Nunc@dui.co.uk,54,2025-12-16T17:02:42.661Z,9999-12-31T00:00:00.000Z,true
176,176,true,Flynn Briggs,Ap #558-8874 Consequat Street,Oldenburg,Donec.vitae.erat@commodoipsumSuspendisse.org,69,2025-12-16T17:02:42.661Z,9999-12-31T00:00:00.000Z,true
177,177,true,Lyle Dunn,4725 Ipsum St.,Kelkheim,sed.libero.Proin@auctorvelit.org,124,2025-12-16T17:02:42.661Z,9999-12-31T00:00:00.000Z,true
178,178,true,Gregory Vaughan,"P.O. Box 266, 2594 Adipiscing Road",Surendranagar,lectus@Suspendissenon.net,44,2025-12-16T17:02:42.661Z,9999-12-31T00:00:00.000Z,true
179,179,true,Ryder Tyson,777-5951 Tellus Rd.,Roselies,penatibus.et@Mauriseu.edu,189,2025-12-16T17:02:42.661Z,9999-12-31T00:00:00.000Z,true
180,180,true,Stewart Emerson,"Ap #116-5724 Semper, Av.",Omaha,libero@magna.net,188,2025-12-16T17:02:42.661Z,9999-12-31T00:00:00.000Z,true
181,181,true,Peter Diaz,"P.O. Box 106, 4777 Tincidunt Avenue",Camrose,diam.luctus@interdum.com,134,2025-12-16T17:02:42.661Z,9999-12-31T00:00:00.000Z,true
182,182,true,Davis Blackburn,590-1858 Nunc. St.,Sluis,Donec.nibh@aliquetodioEtiam.org,200,2025-12-16T17:02:42.661Z,9999-12-31T00:00:00.000Z,true
183,183,true,Neville Ortega,Ap #404-8260 Vel Street,Columbus,magna.Duis@Maecenasornareegestas.co.uk,151,2025-12-16T17:02:42.661Z,9999-12-31T00:00:00.000Z,true
184,184,true,Sylvester Gonzalez,"Ap #357-9261 Dolor, Rd.",Montaldo Bormida,mi.lacinia@ultrices.edu,15,2025-12-16T17:02:42.661Z,9999-12-31T00:00:00.000Z,true
185,185,true,Sawyer Harrington,Ap #914-4829 Proin St.,New Quay,ac.arcu@eget.ca,126,2025-12-16T17:02:42.661Z,9999-12-31T00:00:00.000Z,true
186,186,true,Elijah Jacobson,"9166 Non, Av.",C�rdoba,amet@eteuismod.ca,124,2025-12-16T17:02:42.661Z,9999-12-31T00:00:00.000Z,true
187,187,true,Emmanuel Sosa,605-6619 Duis Rd.,Skardu,nisl@Pellentesquehabitant.com,42,2025-12-16T17:02:42.661Z,9999-12-31T00:00:00.000Z,true
188,188,true,Gary Ruiz,213-5212 Nulla. Road,Armungia,Lorem.ipsum@Nuncullamcorper.net,135,2025-12-16T17:02:42.661Z,9999-12-31T00:00:00.000Z,true
189,189,false,Harper Raymond,"P.O. Box 171, 8108 Consectetuer Road",Pietragalla,vitae.dolor@placerataugueSed.co.uk,121,2025-12-16T17:02:42.661Z,9999-12-31T00:00:00.000Z,true
190,190,true,Scott Estrada,438-564 Dis St.,Feira de Santana,dapibus.quam@ut.net,76,2025-12-16T17:02:42.661Z,9999-12-31T00:00:00.000Z,true
191,191,true,Lester Mccarthy,Ap #307-8891 Vivamus Rd.,Barrie,Morbi.vehicula.Pellentesque@dolor.com,137,2025-12-16T17:02:42.661Z,9999-12-31T00:00:00.000Z,true
192,192,true,Chandler Tyson,854-5205 Ut Road,Arequipa,odio@nullaanteiaculis.edu,96,2025-12-16T17:02:42.661Z,9999-12-31T00:00:00.000Z,true
193,193,true,Neil Pruitt,"7927 Eu, St.",Termeno sulla strada del vino/Tramin an der Weinstrasse,justo.nec.ante@ornare.org,94,2025-12-16T17:02:42.661Z,9999-12-31T00:00:00.000Z,true
194,194,true,Thor Munoz,"P.O. Box 628, 1777 Sed St.",Swan Hills,massa.Mauris@tempor.org,125,2025-12-16T17:02:42.661Z,9999-12-31T00:00:00.000Z,true
195,195,true,Geoffrey Conley,8475 Sed Ave,Sfruz,a.scelerisque@liberoet.edu,170,2025-12-16T17:02:42.661Z,9999-12-31T00:00:00.000Z,true
196,196,true,Cade Preston,"P.O. Box 672, 3707 Velit. Av.",Uitbergen,arcu@disparturient.edu,39,2025-12-16T17:02:42.661Z,9999-12-31T00:00:00.000Z,true
197,197,true,Chandler Randolph,373-5053 Arcu. Rd.,Spruce Grove,Cras@sollicitudinadipiscingligula.com,42,2025-12-16T17:02:42.661Z,9999-12-31T00:00:00.000Z,true
198,198,true,Coby Mays,"P.O. Box 578, 6875 Ut Av.",Adoni,tortor.dictum.eu@Sedmalesuadaaugue.org,26,2025-12-16T17:02:42.661Z,9999-12-31T00:00:00.000Z,true
199,199,true,Kennan Graves,"P.O. Box 174, 5423 Sem St.",M�dling,nibh.enim.gravida@utsem.org,76,2025-12-16T17:02:42.661Z,9999-12-31T00:00:00.000Z,true
200,200,true,Declan Harmon,987-8351 Netus Avenue,Sint-Denijs,vestibulum@Vivamusnon.ca,40,2025-12-16T17:02:42.661Z,9999-12-31T00:00:00.000Z,true
201,201,true,Lucian Webster,Ap #291-8523 Magna Rd.,Vieste,sit@Donectempus.edu,153,2025-12-16T17:02:42.661Z,9999-12-31T00:00:00.000Z,true
202,202,true,Cadman Weeks,622-419 Et Rd.,Karachev,in@Pellentesquehabitantmorbi.ca,29,2025-12-16T17:02:42.661Z,9999-12-31T00:00:00.000Z,true
203,203,true,Ferris Hardy,"509 At, St.",Westmalle,tortor@PhasellusornareFusce.co.uk,222,2025-12-16T17:02:42.661Z,9999-12-31T00:00:00.000Z,true
204,204,true,Vernon Clayton,"Ap #444-4944 Quis, Avenue",Ruthin,sed@perinceptoshymenaeos.edu,143,2025-12-16T17:02:42.661Z,9999-12-31T00:00:00.000Z,true
205,205,true,Melvin Harper,"P.O. Box 153, 9427 Euismod St.",College,penatibus@rutrum.org,130,2025-12-16T17:02:42.661Z,9999-12-31T00:00:00.000Z,true
206,206,true,Joseph Clayton,752-7301 Mauris. Road,Friedrichsdorf,primis.in@Phasellusdapibus.org,66,2025-12-16T17:02:42.661Z,9999-12-31T00:00:00.000Z,true
207,207,true,Caesar Gibson,"P.O. Box 673, 5294 Aliquet, Rd.",Oldenburg,nisi@fringilla.com,140,2025-12-16T17:02:42.661Z,9999-12-31T00:00:00.000Z,true
208,208,true,Avram Hughes,"P.O. Box 233, 3816 Erat Rd.",Stene,Proin.dolor.Nulla@dignissimlacusAliquam.co.uk,200,2025-12-16T17:02:42.661Z,9999-12-31T00:00:00.000Z,true
209,209,true,Hiram Dunlap,Ap #484-4879 Sem. Rd.,Moncrivello,tincidunt@nulla.org,110,2025-12-16T17:02:42.661Z,9999-12-31T00:00:00.000Z,true
210,210,true,Guy Compton,255-7312 Tellus Street,Sorbo Serpico,est@maurisblandit.org,103,2025-12-16T17:02:42.661Z,9999-12-31T00:00:00.000Z,true
211,211,true,Ignatius Moses,"Ap #860-3633 Elit, Rd.",Valkenburg aan de Geul,a@quistristiqueac.com,90,2025-12-16T17:02:42.661Z,9999-12-31T00:00:00.000Z,true
212,212,true,Leonard Lindsey,"P.O. Box 464, 5649 Non, Av.",Balfour,Integer.mollis@rhoncusProinnisl.org,97,2025-12-16T17:02:42.661Z,9999-12-31T00:00:00.000Z,true
213,213,true,Evan Kline,"P.O. Box 635, 1640 Montes, Rd.",Grand-Hallet,sit.amet.ornare@dictumsapien.org,130,2025-12-16T17:02:42.661Z,9999-12-31T00:00:00.000Z,true
214,214,true,Hector Shannon,581-4492 Arcu Rd.,Oudergem,euismod.mauris.eu@nostra.net,157,2025-12-16T17:02:42.661Z,9999-12-31T00:00:00.000Z,true
215,215,true,Asher Mooney,8575 Eu Street,Monte San Pietrangeli,amet.consectetuer.adipiscing@laciniaorci.edu,13,2025-12-16T17:02:42.661Z,9999-12-31T00:00:00.000Z,true
216,216,true,Zane Berry,"P.O. Box 621, 8321 Leo. Avenue",Abergavenny,et.risus.Quisque@arcuVivamus.ca,209,2025-12-16T17:02:42.661Z,9999-12-31T00:00:00.000Z,true
217,217,true,Ferdinand Hubbard,147-8580 Fringilla Av.,Retford,diam.Duis@auctorullamcorpernisl.net,2,2025-12-16T17:02:42.661Z,9999-12-31T00:00:00.000Z,true
218,218,true,Brady Cannon,282-4083 In St.,Dunkerque,mattis@feugiatLoremipsum.co.uk,52,2025-12-16T17:02:42.661Z,9999-12-31T00:00:00.000Z,true
219,219,true,Samuel Harding,"943-2795 Vulputate, St.",Fortaleza,eget.mollis.lectus@mipede.ca,111,2025-12-16T17:02:42.661Z,9999-12-31T00:00:00.000Z,true
220,220,true,Tyrone Oneill,243-1058 Et Street,St. John's,vitae.sodales@acsemut.com,59,2025-12-16T17:02:42.661Z,9999-12-31T00:00:00.000Z,true
221,221,true,Plato Garcia,389 Feugiat Avenue,Pointe-du-Lac,vehicula.risus.Nulla@Etiamvestibulummassa.edu,184,2025-12-16T17:02:42.661Z,9999-12-31T00:00:00.000Z,true
222,222,true,Amos Herrera,3941 Mi Rd.,Franeker,nisi@euultricessit.net,197,2025-12-16T17:02:42.661Z,9999-12-31T00:00:00.000Z,true
223,223,true,Lawrence Good,3251 Volutpat Rd.,Oostkerke,auctor.vitae@in.ca,224,2025-12-16T17:02:42.661Z,9999-12-31T00:00:00.000Z,true
224,224,true,Jeremy Obrien,830 Arcu St.,Vaux-lez-Rosieres,Mauris.magna@commodo.edu,1,2025-12-16T17:02:42.661Z,9999-12-31T00:00:00.000Z,true
225,225,true,Callum Payne,7107 Pede. Ave,Bad V�slau,ligula.eu.enim@magnaLoremipsum.ca,224,2025-12-16T17:02:42.661Z,9999-12-31T00:00:00.000Z,true
226,226,true,Randall Valentine,1078 Ut Avenue,Martello/Martell,tempus@egestas.com,42,2025-12-16T17:02:42.661Z,9999-12-31T00:00:00.000Z,true
227,227,true,Brett Page,Ap #467-5472 Gravida. St.,Ulyanovsk,at.augue.id@velmaurisInteger.co.uk,96,2025-12-16T17:02:42.661Z,9999-12-31T00:00:00.000Z,true
228,228,true,Kenneth Gross,Ap #282-1217 Nisi. Ave,Lake Cowichan,Vivamus.euismod@Sed.edu,201,2025-12-16T17:02:42.661Z,9999-12-31T00:00:00.000Z,true
229,229,true,Raymond Norton,Ap #914-1968 Arcu. Rd.,Idaho Falls,Sed.nunc.est@risusa.net,70,2025-12-16T17:02:42.661Z,9999-12-31T00:00:00.000Z,true
230,230,true,Lucas Collins,"P.O. Box 615, 2207 Urna. Street",Brussegem,amet.risus.Donec@fringillaeuismod.net,203,2025-12-16T17:02:42.661Z,9999-12-31T00:00:00.000Z,true
231,231,true,Rafael Morrow,Ap #401-9629 Risus. Avenue,Daussoulx,a@massaQuisqueporttitor.net,203,2025-12-16T17:02:42.661Z,9999-12-31T00:00:00.000Z,true
232,232,true,Brady Pierce,5776 Neque Rd.,Coihaique,aliquet.odio@risusIn.com,134,2025-12-16T17:02:42.661Z,9999-12-31T00:00:00.000Z,true
233,233,true,Rafael Wyatt,7476 Aliquet Street,Bonn,ut@Aenean.net,171,2025-12-16T17:02:42.661Z,9999-12-31T00:00:00.000Z,true
234,234,true,Price Rutledge,596-7121 Metus Ave,Baili�vre,ut.pharetra@mollisneccursus.edu,153,2025-12-16T17:02:42.661Z,9999-12-31T00:00:00.000Z,true
235,235,true,James Berger,699-6727 Orci Road,Chennai,at@utquamvel.com,171,2025-12-16T17:02:42.661Z,9999-12-31T00:00:00.000Z,true
236,236,true,Allistair Warner,5121 Dui. St.,Marcq-en-Baroeul,ultricies.adipiscing.enim@massaVestibulum.ca,106,2025-12-16T17:02:42.661Z,9999-12-31T00:00:00.000Z,true
237,237,true,Linus Fisher,"642-4881 Tincidunt, Rd.",Preore,ut.quam@dolor.com,114,2025-12-16T17:02:42.661Z,9999-12-31T00:00:00.000Z,true
238,238,true,Cain Shaffer,Ap #294-4152 Enim Road,Strombeek-Bever,blandit.congue@condimentumDonec.ca,215,2025-12-16T17:02:42.661Z,9999-12-31T00:00:00.000Z,true
239,239,true,Lucius Harvey,Ap #446-1569 Natoque Rd.,Butte,nisl.Quisque.fringilla@interdum.org,158,2025-12-16T17:02:42.661Z,9999-12-31T00:00:00.000Z,true
240,240,true,Kaseem Osborn,Ap #519-8655 Metus Av.,Bargagli,amet@egestasAliquamnec.net,91,2025-12-16T17:02:42.661Z,9999-12-31T00:00:00.000Z,true
241,241,true,Tyrone Bird,"Ap #742-4994 Est, Avenue",Russell,odio@velitSedmalesuada.edu,206,2025-12-16T17:02:42.661Z,9999-12-31T00:00:00.000Z,true
242,242,true,Herrod Moore,182-4128 Turpis. Ave,Gentbrugge,pharetra.Nam.ac@nonleo.com,212,2025-12-16T17:02:42.661Z,9999-12-31T00:00:00.000Z,true
243,243,true,Quentin Harvey,1448 Fringilla St.,Maip�,a@orcisemeget.org,46,2025-12-16T17:02:42.661Z,9999-12-31T00:00:00.000Z,true
244,244,true,Amir Gould,830-8010 Ac Road,Zhukovka,massa.Suspendisse@aptenttaciti.edu,58,2025-12-16T17:02:42.661Z,9999-12-31T00:00:00.000Z,true
245,245,true,Wylie Boone,729-2090 Malesuada. St.,Hines Creek,Cras.sed.leo@ametdiameu.org,216,2025-12-16T17:02:42.661Z,9999-12-31T00:00:00.000Z,true
246,246,true,Ciaran Oneill,Ap #883-3499 Vitae St.,Dolgellau,sodales@Utsemper.ca,123,2025-12-16T17:02:42.661Z,9999-12-31T00:00:00.000Z,true
247,247,true,Josiah Head,857-8165 Curabitur Road,Pak Pattan,Fusce.mi@Nullam.net,192,2025-12-16T17:02:42.661Z,9999-12-31T00:00:00.000Z,true
248,248,true,Merritt Wiggins,245-5350 Feugiat St.,Monte Vidon Corrado,tellus.justo.sit@fermentum.ca,49,2025-12-16T17:02:42.661Z,9999-12-31T00:00:00.000Z,true
249,249,true,Herrod Brennan,Ap #984-9555 Scelerisque Road,Jasper,arcu.Vestibulum.ante@sodalesMauris.net,103,2025-12-16T17:02:42.661Z,9999-12-31T00:00:00.000Z,true
250,250,true,Brent Langley,Ap #932-6427 Pharetra. St.,Atlanta,nulla.vulputate.dui@amet.com,146,2025-12-16T17:02:42.661Z,9999-12-31T00:00:00.000Z,true
251,251,true,Tyrone Thomas,"2956 Vel, Rd.",Monghidoro,pede.ultrices@Vestibulumuteros.net,174,2025-12-16T17:02:42.661Z,9999-12-31T00:00:00.000Z,true
252,252,true,Valentine Morrow,1603 Ante Avenue,Guarapuava,Cum.sociis@Vivamusmolestie.co.uk,210,2025-12-16T17:02:42.661Z,9999-12-31T00:00:00.000Z,true
253,253,true,Brian Wiggins,592-5812 Ornare St.,Curarrehue,egestas.a.scelerisque@ipsumporta.co.uk,88,2025-12-16T17:02:42.661Z,9999-12-31T00:00:00.000Z,true
254,254,true,Aristotle Coffey,371 Nibh. St.,Cassaro,ut@cursusa.com,37,2025-12-16T17:02:42.661Z,9999-12-31T00:00:00.000Z,true
255,255,true,Blaze Shaw,"P.O. Box 423, 7790 Nibh. St.",Gatchina,Donec.est@purusNullamscelerisque.edu,99,2025-12-16T17:02:42.661Z,9999-12-31T00:00:00.000Z,true
256,256,true,Palmer David,Ap #153-9458 Convallis Av.,Lillois-Witterz_e,magna.Phasellus.dolor@pede.org,42,2025-12-16T17:02:42.661Z,9999-12-31T00:00:00.000Z,true
257,257,true,Valentine Bolton,1656 Nullam Rd.,Chimbote,Suspendisse@Cum.co.uk,116,2025-12-16T17:02:42.661Z,9999-12-31T00:00:00.000Z,true
258,258,true,Logan Farrell,1412 Adipiscing St.,Pangnirtung,tempor.diam@mieleifendegestas.co.uk,155,2025-12-16T17:02:42.661Z,9999-12-31T00:00:00.000Z,true
259,259,true,Nathaniel Sampson,"P.O. Box 226, 384 Mauris Ave",Camet�,nisl@ornarefacilisis.ca,171,2025-12-16T17:02:42.661Z,9999-12-31T00:00:00.000Z,true
260,260,true,Erich Noble,"P.O. Box 106, 3346 Vestibulum St.",Nizhny,odio@sem.edu,202,2025-12-16T17:02:42.661Z,9999-12-31T00:00:00.000Z,true
261,261,true,Wang Keller,"P.O. Box 299, 2576 Ullamcorper. Street",Rocca Santo Stefano,nec@aliquam.ca,103,2025-12-16T17:02:42.661Z,9999-12-31T00:00:00.000Z,true
262,262,true,Rafael Beasley,Ap #986-5004 Eu St.,Santu Lussurgiu,a@ornareInfaucibus.co.uk,166,2025-12-16T17:02:42.661Z,9999-12-31T00:00:00.000Z,true
263,263,true,Mohammad Mcintyre,503-565 Lobortis St.,Trujillo,sit.amet.risus@morbi.net,40,2025-12-16T17:02:42.661Z,9999-12-31T00:00:00.000Z,true
264,264,true,Judah Barlow,4870 Nonummy. Road,Villers-la-Bonne-Eau,placerat.augue@Vivamusmolestie.net,119,2025-12-16T17:02:42.661Z,9999-12-31T00:00:00.000Z,true
265,265,true,Emmanuel Bowers,Ap #520-8585 Sociis Av.,Sacramento,sit.amet@accumsanconvallisante.net,179,2025-12-16T17:02:42.661Z,9999-12-31T00:00:00.000Z,true
266,266,true,Yardley William,"P.O. Box 812, 1344 Aenean Ave",Akola,vitae@lobortisaugue.edu,189,2025-12-16T17:02:42.661Z,9999-12-31T00:00:00.000Z,true
267,267,true,Aaron Barry,1058 Dolor. Road,Masullas,nec@liberolacus.org,109,2025-12-16T17:02:42.661Z,9999-12-31T00:00:00.000Z,true
268,268,true,Raja Maldonado,"P.O. Box 687, 8748 Congue St.",Uttarpara-Kotrung,et@diam.edu,204,2025-12-16T17:02:42.661Z,9999-12-31T00:00:00.000Z,true
269,269,true,Ezra Savage,Ap #245-6316 A St.,Santa Marina,sapien.Nunc.pulvinar@dignissimlacus.net,126,2025-12-16T17:02:42.661Z,9999-12-31T00:00:00.000Z,true
270,270,true,Rigel Conrad,508-5982 Libero St.,Maiolati Spontini,egestas.Duis.ac@vitaesodales.net,11,2025-12-16T17:02:42.661Z,9999-12-31T00:00:00.000Z,true
271,271,true,Devin Chen,"P.O. Box 712, 8002 At, Avenue",Seevetal,ipsum.Suspendisse@malesuadaiderat.co.uk,145,2025-12-16T17:02:42.661Z,9999-12-31T00:00:00.000Z,true
272,272,true,Sylvester Valenzuela,Ap #538-9791 Erat Ave,Cavallino,commodo.auctor.velit@nonummyacfeugiat.net,66,2025-12-16T17:02:42.661Z,9999-12-31T00:00:00.000Z,true
273,273,true,Nathan Waller,Ap #136-4123 Ut St.,Warren,dapibus.gravida@Sed.edu,170,2025-12-16T17:02:42.661Z,9999-12-31T00:00:00.000Z,true
274,274,true,Timothy Medina,"P.O. Box 483, 8120 Tincidunt Av.",Essex,turpis@enimsitamet.ca,170,2025-12-16T17:02:42.661Z,9999-12-31T00:00:00.000Z,true
275,275,true,Rudyard Reynolds,"499-7661 Amet, Avenue",Oliver,erat.vel.pede@pedeblandit.ca,76,2025-12-16T17:02:42.661Z,9999-12-31T00:00:00.000Z,true
276,276,true,Nissim Casey,1887 Nascetur St.,Rotorua,quis.massa@mieleifend.org,224,2025-12-16T17:02:42.661Z,9999-12-31T00:00:00.000Z,true
277,277,false,Kirk Morton,"P.O. Box 828, 953 Molestie St.",San Martino in Badia/St. Martin in Thurn,nulla@nequesedsem.com,43,2025-12-16T17:02:42.661Z,9999-12-31T00:00:00.000Z,true
278,278,true,Slade Bradley,Ap #784-7476 Eget Street,Inuvik,rhoncus@Cras.org,158,2025-12-16T17:02:42.661Z,9999-12-31T00:00:00.000Z,true
279,279,true,Tiger Barton,Ap #180-361 Ut Avenue,Ipswich,Donec@cursus.com,34,2025-12-16T17:02:42.661Z,9999-12-31T00:00:00.000Z,true
280,280,true,Benedict Buck,609-5313 Justo St.,Schoonaarde,tristique@maurisblandit.net,93,2025-12-16T17:02:42.661Z,9999-12-31T00:00:00.000Z,true
281,281,true,Reese Drake,792-5480 Ac Avenue,Coquitlam,purus@atfringilla.net,135,2025-12-16T17:02:42.661Z,9999-12-31T00:00:00.000Z,true
282,282,true,Carter Goodman,Ap #663-3343 Libero Av.,Arviat,libero.at.auctor@massarutrummagna.com,140,2025-12-16T17:02:42.661Z,9999-12-31T00:00:00.000Z,true
283,283,true,Wesley Cook,656-8687 Hendrerit Road,Dalkeith,pede@litoratorquentper.net,198,2025-12-16T17:02:42.661Z,9999-12-31T00:00:00.000Z,true
284,284,true,Caldwell Castillo,483 Consectetuer Rd.,Fontanellato,fringilla.ornare.placerat@luctussit.co.uk,114,2025-12-16T17:02:42.661Z,9999-12-31T00:00:00.000Z,true
285,285,true,Hiram Acevedo,362-2974 Massa. Avenue,Naninne,lorem.ac.risus@interdumNunc.org,217,2025-12-16T17:02:42.661Z,9999-12-31T00:00:00.000Z,true
286,286,true,Reese Kidd,8567 Varius St.,Marbaix,vitae.aliquam.eros@felis.edu,204,2025-12-16T17:02:42.661Z,9999-12-31T00:00:00.000Z,true
287,287,true,Kaseem Gibbs,"P.O. Box 869, 1210 Rhoncus. Avenue",Valleyview,ac.tellus.Suspendisse@Quisqueliberolacus.edu,83,2025-12-16T17:02:42.661Z,9999-12-31T00:00:00.000Z,true
288,288,true,Prescott Faulkner,906 Mattis Rd.,Montalto Uffugo,mus@fermentum.co.uk,40,2025-12-16T17:02:42.661Z,9999-12-31T00:00:00.000Z,true
289,289,true,Clarke Hensley,Ap #715-3278 Gravida Ave,Castello di Godego,Integer@sociis.net,77,2025-12-16T17:02:42.661Z,9999-12-31T00:00:00.000Z,true
290,290,true,Ray Mcgee,"P.O. Box 240, 9405 Conubia Av.",Belfast,ut@dapibus.edu,115,2025-12-16T17:02:42.661Z,9999-12-31T00:00:00.000Z,true
291,291,true,Demetrius Heath,Ap #109-7958 Venenatis Avenue,Trochu,Donec@ornareliberoat.ca,100,2025-12-16T17:02:42.661Z,9999-12-31T00:00:00.000Z,true
292,292,true,Solomon Burks,391-5218 Arcu. Avenue,Noisy-le-Grand,ipsum@Nullamsuscipitest.ca,110,2025-12-16T17:02:42.661Z,9999-12-31T00:00:00.000Z,true
293,293,true,Emery Farrell,Ap #379-8044 Nec St.,Saint-L�,Donec.porttitor@rhoncusidmollis.net,2,2025-12-16T17:02:42.661Z,9999-12-31T00:00:00.000Z,true
294,294,true,Rudyard Bryan,570-8186 Diam Rd.,Mont-Saint-Guibert,Aliquam@utlacus.net,134,2025-12-16T17:02:42.661Z,9999-12-31T00:00:00.000Z,true
295,295,true,Slade Myers,"616-4782 Nec, Av.",Machelen,Sed@arcuCurabiturut.edu,123,2025-12-16T17:02:42.661Z,9999-12-31T00:00:00.000Z,true
296,296,true,Donovan Singleton,8532 Nam St.,Midway,penatibus.et@mollisPhaselluslibero.net,176,2025-12-16T17:02:42.661Z,9999-12-31T00:00:00.000Z,true
297,297,true,Edan Scott,"P.O. Box 506, 2195 Fringilla. Avenue",Mascalucia,ornare@aliquetProinvelit.com,164,2025-12-16T17:02:42.661Z,9999-12-31T00:00:00.000Z,true
298,298,true,Lucius Lawson,363-9191 Maecenas Ave,Mildura,mauris.sapien@fringillaornare.edu,128,2025-12-16T17:02:42.661Z,9999-12-31T00:00:00.000Z,true
299,299,true,Knox Vinson,Ap #551-3258 Phasellus Av.,Bon Accord,tellus.Phasellus.elit@interdum.com,89,2025-12-16T17:02:42.661Z,9999-12-31T00:00:00.000Z,true
300,300,true,Joseph Trujillo,4527 Nulla Ave,Kerkhove,In@tinciduntpede.edu,35,2025-12-16T17:02:42.661Z,9999-12-31T00:00:00.000Z,true
301,301,true,Keaton Hill,"P.O. Box 234, 4214 Pulvinar Road",Pagazzano,orci.lacus.vestibulum@morbitristique.org,12,2025-12-16T17:02:42.661Z,9999-12-31T00:00:00.000Z,true
302,302,true,Salvador Pena,981-2829 Aliquam Road,Ede,erat.vitae@malesuadaut.net,70,2025-12-16T17:02:42.661Z,9999-12-31T00:00:00.000Z,true
303,303,true,Bradley Le,357-8681 Mollis Rd.,Rueglio,est.Mauris.eu@porttitorerosnec.co.uk,45,2025-12-16T17:02:42.661Z,9999-12-31T00:00:00.000Z,true
304,304,true,Stone Giles,Ap #512-9491 Ultricies St.,Didim,natoque@egestasAliquam.edu,43,2025-12-16T17:02:42.661Z,9999-12-31T00:00:00.000Z,true
305,305,true,Hu Pitts,Ap #870-2877 Taciti Av.,Birmingham,dolor@tinciduntnuncac.ca,144,2025-12-16T17:02:42.661Z,9999-12-31T00:00:00.000Z,true
306,306,true,Joseph Stanley,4593 Adipiscing. Rd.,Cannalonga,felis.ullamcorper.viverra@Sedcongueelit.net,77,2025-12-16T17:02:42.661Z,9999-12-31T00:00:00.000Z,true
307,307,true,Aidan Orr,177-840 Magna Rd.,Kircudbright,nostra.per@bibendum.net,223,2025-12-16T17:02:42.661Z,9999-12-31T00:00:00.000Z,true
308,308,true,Tanek Higgins,3227 Ultricies Ave,Trollh�ttan,et.ultrices@commodoipsum.co.uk,149,2025-12-16T17:02:42.661Z,9999-12-31T00:00:00.000Z,true
309,309,true,George Montoya,366-5700 Sit Avenue,San Cesario di Lecce,aliquam.arcu.Aliquam@et.org,110,2025-12-16T17:02:42.661Z,9999-12-31T00:00:00.000Z,true
310,310,true,Preston Nunez,Ap #255-3329 Velit. Ave,Anseong,ornare.elit@molestiesodales.co.uk,76,2025-12-16T17:02:42.661Z,9999-12-31T00:00:00.000Z,true
311,311,true,Elvis Bush,5525 Cum Ave,Llanwrtwd Wells,quis.pede@lorem.com,91,2025-12-16T17:02:42.661Z,9999-12-31T00:00:00.000Z,true
312,312,true,Ivor Rodgers,8496 Quisque Ave,Bolshevo,luctus.felis@at.net,166,2025-12-16T17:02:42.661Z,9999-12-31T00:00:00.000Z,true
313,313,true,Ali Jackson,"P.O. Box 254, 3711 Dictum Street",Austin,malesuada@elit.com,217,2025-12-16T17:02:42.661Z,9999-12-31T00:00:00.000Z,true
314,314,true,Jelani Cooke,"P.O. Box 504, 7413 Non, Av.",Schwedt,fringilla.mi@dolor.edu,7,2025-12-16T17:02:42.661Z,9999-12-31T00:00:00.000Z,true
315,315,true,Curran Holman,"P.O. Box 900, 6595 Et Avenue",Aizwal,Quisque.ornare.tortor@elitAliquamauctor.co.uk,207,2025-12-16T17:02:42.661Z,9999-12-31T00:00:00.000Z,true
316,316,true,Reece Fuller,Ap #153-8544 Dui. Avenue,Vegreville,sociis.natoque.penatibus@disparturient.com,223,2025-12-16T17:02:42.661Z,9999-12-31T00:00:00.000Z,true
317,317,true,Joel Stone,329-5898 Elementum St.,Henderson,lorem@ornaretortorat.net,199,2025-12-16T17:02:42.661Z,9999-12-31T00:00:00.000Z,true
318,318,true,Jameson Rowe,7955 Sed St.,Nemi,gravida.Praesent.eu@nibhPhasellusnulla.org,117,2025-12-16T17:02:42.661Z,9999-12-31T00:00:00.000Z,true
319,319,true,Reese Richards,"P.O. Box 632, 7682 Orci, Street",Taldom,magnis@actellusSuspendisse.ca,74,2025-12-16T17:02:42.661Z,9999-12-31T00:00:00.000Z,true
320,320,true,Barclay Dyer,"P.O. Box 986, 7843 Porttitor Street",Sint-Pieters-Leeuw,sed@montesnascetur.net,66,2025-12-16T17:02:42.661Z,9999-12-31T00:00:00.000Z,true
321,321,true,Oren Zamora,"P.O. Box 828, 9305 Nisi Av.",Zaria,Duis.sit.amet@Phasellus.net,150,2025-12-16T17:02:42.661Z,9999-12-31T00:00:00.000Z,true
322,322,true,Dorian Thompson,8001 Eu Avenue,Geraldton-Greenough,lobortis.risus.In@justoeuarcu.co.uk,163,2025-12-16T17:02:42.661Z,9999-12-31T00:00:00.000Z,true
323,323,true,Tyler Odonnell,2420 Eu Street,Wieze,molestie@Nulla.net,32,2025-12-16T17:02:42.661Z,9999-12-31T00:00:00.000Z,true
324,324,true,Adrian Kerr,"Ap #330-3463 Mauris, Rd.",Sars-la-Buissi�re,a@dolorsitamet.org,31,2025-12-16T17:02:42.661Z,9999-12-31T00:00:00.000Z,true
325,325,true,Arthur Benjamin,Ap #557-8903 Hendrerit. Ave,Miramichi,nunc.id@nullaIntegervulputate.net,154,2025-12-16T17:02:42.661Z,9999-12-31T00:00:00.000Z,true
326,326,true,Chaim Wooten,"8347 Montes, Road",Castelluccio Inferiore,metus@quis.org,109,2025-12-16T17:02:42.661Z,9999-12-31T00:00:00.000Z,true
327,327,true,Valentine Livingston,Ap #449-1784 Interdum Street,Kolhapur,malesuada.id@in.edu,168,2025-12-16T17:02:42.661Z,9999-12-31T00:00:00.000Z,true
328,328,true,Prescott Mccall,4053 A St.,Neerglabbeek,elit@euismodmauris.co.uk,139,2025-12-16T17:02:42.661Z,9999-12-31T00:00:00.000Z,true
329,329,true,Charles Clark,490-1228 Est. Rd.,Solapur,enim@ornare.ca,53,2025-12-16T17:02:42.661Z,9999-12-31T00:00:00.000Z,true
330,330,true,Seth Petty,"P.O. Box 481, 6702 Hendrerit St.",Yorkton,magna@neceuismodin.edu,61,2025-12-16T17:02:42.661Z,9999-12-31T00:00:00.000Z,true
331,331,true,Xander Joyner,Ap #480-5099 Habitant Road,Salisbury,tellus.Suspendisse@consequat.net,191,2025-12-16T17:02:42.661Z,9999-12-31T00:00:00.000Z,true
332,332,true,Kamal Blevins,Ap #529-155 Facilisis St.,Meerdonk,mauris@a.ca,38,2025-12-16T17:02:42.661Z,9999-12-31T00:00:00.000Z,true
333,333,true,Walker Ballard,183-1221 Dictum. St.,Piovene Rocchette,vitae.dolor.Donec@dictumeleifendnunc.co.uk,31,2025-12-16T17:02:42.661Z,9999-12-31T00:00:00.000Z,true
334,334,true,Joshua Kinney,Ap #590-3265 Est Rd.,Poggio Berni,Nunc.quis@Duisatlacus.com,222,2025-12-16T17:02:42.661Z,9999-12-31T00:00:00.000Z,true
335,335,true,Brody Kent,"P.O. Box 654, 3191 Volutpat Ave",Mardan,cubilia.Curae@egestasnunc.org,129,2025-12-16T17:02:42.661Z,9999-12-31T00:00:00.000Z,true
336,336,true,Silas Reeves,"P.O. Box 452, 9561 Pede. Road",Rixensart,mattis.ornare.lectus@porttitorscelerisqueneque.co.uk,28,2025-12-16T17:02:42.661Z,9999-12-31T00:00:00.000Z,true
337,337,true,Hedley Harmon,Ap #857-6308 In St.,Herenthout,Cras@luctussit.co.uk,165,2025-12-16T17:02:42.661Z,9999-12-31T00:00:00.000Z,true
338,338,true,Wyatt Dyer,784-6613 Ut Road,Jeju,tellus@placeratvelit.co.uk,14,2025-12-16T17:02:42.661Z,9999-12-31T00:00:00.000Z,true
339,339,true,Ignatius Hanson,Ap #418-9787 Lacus. Street,Bientina,Fusce@enim.net,178,2025-12-16T17:02:42.661Z,9999-12-31T00:00:00.000Z,true
340,340,true,Leo Moran,676-3399 Magna Ave,Owerri,conubia.nostra@odio.ca,56,2025-12-16T17:02:42.661Z,9999-12-31T00:00:00.000Z,true
341,341,true,Donovan Salazar,"457-3195 Montes, Street",San Donato di Ninea,ac.feugiat@consequatdolorvitae.edu,39,2025-12-16T17:02:42.661Z,9999-12-31T00:00:00.000Z,true
342,342,true,Ryan Davenport,"P.O. Box 931, 552 Eget Rd.",Cambridge,ornare@pede.edu,153,2025-12-16T17:02:42.661Z,9999-12-31T00:00:00.000Z,true
343,343,true,Merrill Wooten,192-3132 Rutrum. St.,Queenstown,Cum.sociis@metus.edu,192,2025-12-16T17:02:42.661Z,9999-12-31T00:00:00.000Z,true
344,344,true,Ulysses England,2780 Egestas Ave,Vergnies,imperdiet.dictum.magna@semNulla.co.uk,10,2025-12-16T17:02:42.661Z,9999-12-31T00:00:00.000Z,true
345,345,false,Victor Zamora,"Ap #494-167 Elementum, St.",Oelegem,metus@neceleifendnon.com,223,2025-12-16T17:02:42.661Z,9999-12-31T00:00:00.000Z,true
346,346,true,Nasim Collins,"473 Pede, Road",Minto,nunc@pellentesqueSed.edu,180,2025-12-16T17:02:42.661Z,9999-12-31T00:00:00.000Z,true
347,347,true,Brody Dunlap,"P.O. Box 703, 9396 Auctor. Avenue",Girifalco,Nunc.mauris.sapien@nisisem.co.uk,115,2025-12-16T17:02:42.661Z,9999-12-31T00:00:00.000Z,true
348,348,true,Deacon Haney,9985 Ante Rd.,New Radnor,et.euismod@rhoncus.edu,138,2025-12-16T17:02:42.661Z,9999-12-31T00:00:00.000Z,true
349,349,true,Basil Poole,Ap #566-9306 At Ave,Cuccaro Vetere,vel.pede@primis.net,180,2025-12-16T17:02:42.661Z,9999-12-31T00:00:00.000Z,true
350,350,true,Tad Pace,Ap #221-8179 Ultricies St.,Sherbrooke,at.velit@cursus.net,68,2025-12-16T17:02:42.661Z,9999-12-31T00:00:00.000Z,true
351,351,true,Burton Key,360 Donec Rd.,Aubagne,ac.mattis.ornare@vitaepurus.edu,158,2025-12-16T17:02:42.661Z,9999-12-31T00:00:00.000Z,true
352,352,true,Alan Chang,1052 Amet Road,Troitsk,senectus.et.netus@ametnullaDonec.edu,4,2025-12-16T17:02:42.661Z,9999-12-31T00:00:00.000Z,true
353,353,true,Ashton Boyle,"6129 Id, Rd.",Neunkirchen,pellentesque@odio.net,128,2025-12-16T17:02:42.661Z,9999-12-31T00:00:00.000Z,true
354,354,true,Timothy Black,"P.O. Box 641, 7995 Nunc St.",Deline,ante.ipsum.primis@volutpat.ca,1,2025-12-16T17:02:42.661Z,9999-12-31T00:00:00.000Z,true
355,355,true,Wade Romero,547-7737 Sed St.,Smolensk,Quisque.ac@liberoDonec.org,213,2025-12-16T17:02:42.661Z,9999-12-31T00:00:00.000Z,true
356,356,true,Axel Lowe,"P.O. Box 481, 2937 Faucibus St.",Meridian,penatibus@euturpis.com,175,2025-12-16T17:02:42.661Z,9999-12-31T00:00:00.000Z,true
357,357,true,Quentin Kidd,"3199 Nec, Road",Bedford,mauris@massaInteger.edu,1,2025-12-16T17:02:42.661Z,9999-12-31T00:00:00.000Z,true
358,358,true,Amery Hanson,"P.O. Box 864, 3035 Facilisis St.",Attert,ante@adipiscingMauris.com,106,2025-12-16T17:02:42.661Z,9999-12-31T00:00:00.000Z,true
359,359,true,Hedley Dodson,Ap #787-6501 In Road,Saint-Mard,convallis@et.com,20,2025-12-16T17:02:42.661Z,9999-12-31T00:00:00.000Z,true
360,360,true,Declan Orr,203-7694 Mauris Rd.,San Fratello,Nulla.facilisi.Sed@Quisqueporttitor.edu,206,2025-12-16T17:02:42.661Z,9999-12-31T00:00:00.000Z,true
361,361,true,Tyrone Caldwell,111-5320 Adipiscing St.,Grand Island,enim.Etiam.gravida@temporeratneque.ca,65,2025-12-16T17:02:42.661Z,9999-12-31T00:00:00.000Z,true
362,362,true,Cadman Whitley,746 Magna Rd.,Ambresin,quam.dignissim@facilisis.co.uk,175,2025-12-16T17:02:42.661Z,9999-12-31T00:00:00.000Z,true
363,363,true,Fritz Ray,"573-882 Nec, St.",Siddi,neque@Sedmalesuadaaugue.net,48,2025-12-16T17:02:42.661Z,9999-12-31T00:00:00.000Z,true
364,364,true,Wayne Riley,"P.O. Box 673, 3175 Dolor. Av.",Priero,mauris.sit@quisdiam.edu,110,2025-12-16T17:02:42.661Z,9999-12-31T00:00:00.000Z,true
365,365,true,Curran Vaughan,8324 Vel Rd.,Camrose,auctor.non@dictumsapienAenean.ca,159,2025-12-16T17:02:42.661Z,9999-12-31T00:00:00.000Z,true
366,366,true,Reece Molina,833 Commodo Rd.,Redlands,sapien@quis.edu,187,2025-12-16T17:02:42.661Z,9999-12-31T00:00:00.000Z,true
367,367,true,Caleb Tate,129-7454 Venenatis Road,Riosucio,velit.justo.nec@Aliquamvulputate.edu,118,2025-12-16T17:02:42.661Z,9999-12-31T00:00:00.000Z,true
368,368,true,Fuller Ball,Ap #559-9163 Egestas. Rd.,Pocheon,et@tincidunt.co.uk,146,2025-12-16T17:02:42.661Z,9999-12-31T00:00:00.000Z,true
369,369,true,Davis Hartman,7060 Urna. Road,Barra do Corda,Nam.consequat@magnaatortor.edu,125,2025-12-16T17:02:42.661Z,9999-12-31T00:00:00.000Z,true
370,370,true,Keane Rich,"P.O. Box 493, 3140 Dolor, Av.",Barrie,Pellentesque.habitant.morbi@malesuadaaugue.com,111,2025-12-16T17:02:42.661Z,9999-12-31T00:00:00.000Z,true
371,371,true,Clinton Parks,1096 Integer Rd.,Blue Mountains,Nunc@erat.ca,175,2025-12-16T17:02:42.661Z,9999-12-31T00:00:00.000Z,true
372,372,true,Leroy Welch,"P.O. Box 146, 5407 A, Road",Louisville,feugiat@diam.ca,208,2025-12-16T17:02:42.661Z,9999-12-31T00:00:00.000Z,true
373,373,true,Hasad Burris,"4269 Elementum, Street",Mianwali,tincidunt.nunc.ac@aliquetodio.com,194,2025-12-16T17:02:42.661Z,9999-12-31T00:00:00.000Z,true
374,374,true,Arden Noble,Ap #132-5885 Justo. Rd.,Wimmertingen,imperdiet.ullamcorper.Duis@atauctorullamcorper.co.uk,131,2025-12-16T17:02:42.661Z,9999-12-31T00:00:00.000Z,true
375,375,true,Bernard Petty,Ap #779-759 Mauris Rd.,Lisciano Niccone,nisi@sit.org,170,2025-12-16T17:02:42.661Z,9999-12-31T00:00:00.000Z,true
376,376,true,Palmer Pope,"P.O. Box 816, 9182 Dictum. Av.",Loreto,primis.in.faucibus@ultricesDuisvolutpat.edu,11,2025-12-16T17:02:42.661Z,9999-12-31T00:00:00.000Z,true
377,377,true,Jermaine Townsend,Ap #285-1562 Tincidunt Street,Nasirabad,placerat@ultricies.net,86,2025-12-16T17:02:42.661Z,9999-12-31T00:00:00.000Z,true
378,378,true,Grant Lott,823-3049 Placerat. Av.,Nives,Quisque@ut.ca,19,2025-12-16T17:02:42.661Z,9999-12-31T00:00:00.000Z,true
379,379,true,Chester Foster,3615 Eget Rd.,Lambayeque,malesuada.ut@sapien.org,84,2025-12-16T17:02:42.661Z,9999-12-31T00:00:00.000Z,true
380,380,true,Omar Maldonado,626-3495 Tortor. Road,Braives,lacus.Quisque@consectetuer.co.uk,20,2025-12-16T17:02:42.661Z,9999-12-31T00:00:00.000Z,true
381,381,true,Zachery Bender,4976 Egestas. Av.,Valley East,Integer.aliquam.adipiscing@mauris.ca,62,2025-12-16T17:02:42.661Z,9999-12-31T00:00:00.000Z,true
382,382,true,Salvador Greene,276-3396 Facilisis Street,B�ziers,at.pretium@magnisdisparturient.com,157,2025-12-16T17:02:42.661Z,9999-12-31T00:00:00.000Z,true
383,383,true,Harrison Rosales,Ap #362-9289 Magna. Avenue,Houston,imperdiet.ullamcorper@euismodmauris.org,19,2025-12-16T17:02:42.661Z,9999-12-31T00:00:00.000Z,true
384,384,false,Abbot Hayes,"P.O. Box 407, 8160 Nec Street",Barranca,Quisque.ac@egestasadui.net,77,2025-12-16T17:02:42.661Z,9999-12-31T00:00:00.000Z,true
385,385,true,Ulric Abbott,"558-690 Elementum, Avenue",Castel San Niccol�,justo.faucibus@Nunc.com,78,2025-12-16T17:02:42.661Z,9999-12-31T00:00:00.000Z,true
386,386,true,Ferdinand Campbell,"6032 Non, Avenue",Velsk,nec.ante.Maecenas@nequeInornare.com,105,2025-12-16T17:02:42.661Z,9999-12-31T00:00:00.000Z,true
387,387,true,Nero Mitchell,"P.O. Box 511, 5486 Elementum, Avenue",LaSalle,pede.malesuada.vel@enim.org,67,2025-12-16T17:02:42.661Z,9999-12-31T00:00:00.000Z,true
388,388,true,Victor Albert,454-7193 Tincidunt Rd.,Branchon,ullamcorper.nisl@sitametorci.net,36,2025-12-16T17:02:42.661Z,9999-12-31T00:00:00.000Z,true
389,389,true,Eagan Carey,382-2911 Nunc St.,Palakkad,non.luctus@Duismi.ca,177,2025-12-16T17:02:42.661Z,9999-12-31T00:00:00.000Z,true
390,390,true,Travis Manning,9248 Elit. Av.,Dresden,non@nunc.edu,15,2025-12-16T17:02:42.661Z,9999-12-31T00:00:00.000Z,true
391,391,true,Kyle Gillespie,Ap #725-3835 Ultrices St.,Yurzhnouralsk,urna.justo@nullavulputate.org,145,2025-12-16T17:02:42.661Z,9999-12-31T00:00:00.000Z,true
392,392,true,Wade Waters,626-1714 Lacus Street,Salamanca,egestas.urna@nonummyut.edu,157,2025-12-16T17:02:42.661Z,9999-12-31T00:00:00.000Z,true
393,393,true,Evan Leach,915-6048 Nunc Rd.,Campbelltown,lacus.Cras@est.edu,74,2025-12-16T17:02:42.661Z,9999-12-31T00:00:00.000Z,true
394,394,true,Lucian Watkins,448-8457 Dapibus Road,Carunchio,sed.pede@sociisnatoquepenatibus.com,96,2025-12-16T17:02:42.661Z,9999-12-31T00:00:00.000Z,true
395,395,true,Howard Vargas,"P.O. Box 468, 8990 Semper St.",Pangkalpinang,velit.egestas@dui.ca,15,2025-12-16T17:02:42.661Z,9999-12-31T00:00:00.000Z,true
396,396,true,Gabriel Cabrera,893-8895 Lacinia St.,Labico,justo@eusem.ca,33,2025-12-16T17:02:42.661Z,9999-12-31T00:00:00.000Z,true
397,397,true,Upton Avila,277-2012 Aliquet Ave,Fort Laird,accumsan.convallis.ante@vestibulum.com,185,2025-12-16T17:02:42.661Z,9999-12-31T00:00:00.000Z,true
398,398,true,Dorian Farmer,918-2741 Semper Avenue,H_villers,mauris@metusAliquam.org,155,2025-12-16T17:02:42.661Z,9999-12-31T00:00:00.000Z,true
399,399,true,Philip Nolan,"P.O. Box 159, 4292 Turpis Street",Cessnock,gravida@semperNam.org,180,2025-12-16T17:02:42.661Z,9999-12-31T00:00:00.000Z,true
400,400,true,Carter Burke,342-2129 Nam Ave,Banjarmasin,Mauris@Duismi.ca,143,2025-12-16T17:02:42.661Z,9999-12-31T00:00:00.000Z,true
